Workbook
Name crop_f_max: メイン!$B$27
Name crop_f_min: メイン!$B$26
Name dt: メイン!$B$20
Name g: メイン!$B$10
Name g_f: メイン!$B$11
Name g_r: メイン!$B$12
Name g_u: メイン!$B$13
Name K_drag: メイン!$B$8
Name K_lift: メイン!$B$9
Name phi: メイン!$B$15
Name target: メイン!$B$25
Name theta: メイン!$B$14
Name u_axis_f: メイン!$B$17
Name u_axis_r: メイン!$B$18
Name u_axis_u: メイン!$B$19
Name v_0: メイン!$B$16

Sheet メイン
A1: m | B1: 0.0002 | C1: kg
A2: d | B2: 0.006 | C2: m
A3: r | B3: =B2/2 -> 0.003 | C3: m
A4: A | B4: =PI()*B3^2 -> 2.8274334e-05 | C4: m^2
A5: rho | B5: 1.225 | C5: kg/m^3
A6: Cd | B6: 0.47
A7: Cl | B7: 0.038
A8: K_drag | B8: =0.5*B5*B4*B6/B1 -> 0.040697369
A9: K_lift | B9: =0.5*B5*B4*B7/B1 -> 0.0032904256
A10: g | B10: 9.80665 | C10: m/s^2
A11: gf | B11: =-g*SIN(theta) -> 0 | C11: m/s^2
A12: gr | B12: =g*COS(theta)*SIN(phi) -> 1.7029069 | C12: m/s^2
A13: gu | B13: =-g*COS(theta)*COS(phi) -> -9.657665 | C13: m/s^2
A14: theta | B14: =RADIANS(B22) -> 0 | C14: rad
A15: phi | B15: =RADIANS(B23) -> 0.17453293 | C15: rad
A16: v_0 | B16: 90 | C16: m/s
A17: u_axis_f | B17: 0
A18: u_axis_r | B18: 0
A19: u_axis_u | B19: 1
A20: dt | B20: 0.001 | C20: s
A22: pitch | B22: 0 | C22: deg
A23: roll | B23: 10 | C23: deg
A25: target | B25: 30
A26: crop_f_min | B26: 10
A27: crop_f_max | B27: 40

Sheet 計算
A1: t | B1: pf | C1: pr | D1: pu | E1: vf | F1: vr | G1: vu | H1: speed | I1: a_drag_f | J1: a_drag_r | K1: a_drag_u | L1: v_hat_f | M1: v_hat_r | N1: v_hat_u | O1: dot_u_v | P1: lift_dir_f | Q1: lift_dir_r | R1: lift_dir_u | S1: lift_accel | T1: a_lift_f | U1: a_lift_r | V1: a_lift_u | W1: a_f | X1: a_r | Y1: a_u
A2: 0 | B2: 0 | C2: 0 | D2: 0 | E2: =v_0 -> 90 | F2: 0 | G2: 0 | H2: =SQRT(E2^2+F2^2+G2^2) -> 90 | I2: =-K_drag*$H2*E2 -> -329.64869 | J2: =-K_drag*$H2*F2 -> 0 | K2: =-K_drag*$H2*G2 -> 0 | L2: =E2/$H2 -> 1 | M2: =F2/$H2 -> 0 | N2: =G2/$H2 -> 0 | O2: =N2 -> 0 | P2: =u_axis_f-$O2*L2 -> 0 | Q2: =u_axis_r-$O2*M2 -> 0 | R2: =u_axis_u-$O2*N2 -> 1 | S2: =K_lift*H2^2 -> 26.652447 | T2: =$S2*P2 -> 0 | U2: =$S2*Q2 -> 0 | V2: =$S2*R2 -> 26.652447 | W2: =I2+T2+g_f -> -329.64869 | X2: =J2+U2+g_r -> 1.7029069 | Y2: =K2+V2+g_u -> 16.994782
A3: 0.001 | B3: =B2+E3*dt -> 0.089670351 | C3: =C2+F3*dt -> 1.7029069e-06 | D3: =D2+G3*dt -> 1.6994782e-05 | E3: =E2+W2*dt -> 89.670351 | F3: =F2+X2*dt -> 0.0017029069 | G3: =G2+Y2*dt -> 0.016994782 | H3: =SQRT(E3^2+F3^2+G3^2) -> 89.670353 | I3: =-K_drag*$H3*E3 -> -327.23827 | J3: =-K_drag*$H3*F3 -> -0.006214499 | K3: =-K_drag*$H3*G3 -> -0.062019866 | L3: =E3/$H3 -> 0.99999998 | M3: =F3/$H3 -> 1.8990746e-05 | N3: =G3/$H3 -> 0.0001895251 | O3: =N3 -> 0.0001895251 | P3: =u_axis_f-$O3*L3 -> -0.00018952509 | Q3: =u_axis_r-$O3*M3 -> -3.599223e-09 | R3: =u_axis_u-$O3*N3 -> 0.99999996 | S3: =K_lift*H3^2 -> 26.457563 | T3: =$S3*P3 -> -0.0050143721 | U3: =$S3*Q3 -> -9.5226669e-08 | V3: =$S3*R3 -> 26.457562 | W3: =I3+T3+g_f -> -327.24328 | X3: =J3+U3+g_r -> 1.6966923 | Y3: =K3+V3+g_u -> 16.737877
A4: 0.002 | B4: =B3+E4*dt -> 0.17901346 | C4: =C3+F4*dt -> 5.1025061e-06 | D4: =D3+G4*dt -> 5.0727442e-05 | E4: =E3+W3*dt -> 89.343108 | F4: =F3+X3*dt -> 0.0033995992 | G4: =G3+Y3*dt -> 0.033732659 | H4: =SQRT(E4^2+F4^2+G4^2) -> 89.343114 | I4: =-K_drag*$H4*E4 -> -324.8542 | J4: =-K_drag*$H4*F4 -> -0.012361044 | K4: =-K_drag*$H4*G4 -> -0.12265295 | L4: =E4/$H4 -> 0.99999993 | M4: =F4/$H4 -> 3.8051049e-05 | N4: =G4/$H4 -> 0.00037756306 | O4: =N4 -> 0.00037756306 | P4: =u_axis_f-$O4*L4 -> -0.00037756303 | Q4: =u_axis_r-$O4*M4 -> -1.436667e-08 | R4: =u_axis_u-$O4*N4 -> 0.99999986 | S4: =K_lift*H4^2 -> 26.264809 | T4: =$S4*P4 -> -0.009916621 | U4: =$S4*Q4 -> -3.7733786e-07 | V4: =$S4*R4 -> 26.264806 | W4: =I4+T4+g_f -> -324.86411 | X4: =J4+U4+g_r -> 1.6905455 | Y4: =K4+V4+g_u -> 16.484488
A5: 0.003 | B5: =B4+E5*dt -> 0.2680317 | C5: =C4+F5*dt -> 1.0192651e-05 | D5: =D4+G5*dt -> 0.00010094459 | E5: =E4+W4*dt -> 89.018244 | F5: =F4+X4*dt -> 0.0050901447 | G5: =G4+Y4*dt -> 0.050217147 | H5: =SQRT(E5^2+F5^2+G5^2) -> 89.018258 | I5: =-K_drag*$H5*E5 -> -322.49609 | J5: =-K_drag*$H5*F5 -> -0.018440622 | K5: =-K_drag*$H5*G5 -> -0.18192713 | L5: =E5/$H5 -> 0.99999984 | M5: =F5/$H5 -> 5.7180906e-05 | N5: =G5/$H5 -> 0.00056412188 | O5: =N5 -> 0.00056412188 | P5: =u_axis_f-$O5*L5 -> -0.00056412179 | Q5: =u_axis_r-$O5*M5 -> -3.2257e-08 | R5: =u_axis_u-$O5*N5 -> 0.99999968 | S5: =K_lift*H5^2 -> 26.074156 | T5: =$S5*P5 -> -0.014709 | U5: =$S5*Q5 -> -8.4107406e-07 | V5: =$S5*R5 -> 26.074148 | W5: =I5+T5+g_f -> -322.5108 | X5: =J5+U5+g_r -> 1.6844654 | Y5: =K5+V5+g_u -> 16.234556
A6: 0.004 | B6: =B5+E6*dt -> 0.35672744 | C6: =C5+F6*dt -> 1.6967261e-05 | D6: =D5+G6*dt -> 0.00016739629 | E6: =E5+W5*dt -> 88.695733 | F6: =F5+X5*dt -> 0.0067746101 | G6: =G5+Y5*dt -> 0.066451703 | H6: =SQRT(E6^2+F6^2+G6^2) -> 88.695758 | I6: =-K_drag*$H6*E6 -> -320.16357 | J6: =-K_drag*$H6*F6 -> -0.024454202 | K6: =-K_drag*$H6*G6 -> -0.23986965 | L6: =E6/$H6 -> 0.99999972 | M6: =F6/$H6 -> 7.6380317e-05 | N6: =G6/$H6 -> 0.00074920948 | O6: =N6 -> 0.00074920948 | P6: =u_axis_f-$O6*L6 -> -0.00074920927 | Q6: =u_axis_r-$O6*M6 -> -5.7224857e-08 | R6: =u_axis_u-$O6*N6 -> 0.99999944 | S6: =K_lift*H6^2 -> 25.885573 | T6: =$S6*P6 -> -0.019393711 | U6: =$S6*Q6 -> -1.4812982e-06 | V6: =$S6*R6 -> 25.885558 | W6: =I6+T6+g_f -> -320.18297 | X6: =J6+U6+g_r -> 1.6784512 | Y6: =K6+V6+g_u -> 15.988024
A7: 0.005 | B7: =B6+E7*dt -> 0.44510299 | C7: =C6+F7*dt -> 2.5420322e-05 | D7: =D6+G7*dt -> 0.00024983602 | E7: =E6+W6*dt -> 88.37555 | F7: =F6+X6*dt -> 0.0084530613 | G7: =G6+Y6*dt -> 0.082439726 | H7: =SQRT(E7^2+F7^2+G7^2) -> 88.375589 | I7: =-K_drag*$H7*E7 -> -317.85627 | J7: =-K_drag*$H7*F7 -> -0.030402737 | K7: =-K_drag*$H7*G7 -> -0.29650717 | L7: =E7/$H7 -> 0.99999956 | M7: =F7/$H7 -> 9.5649279e-05 | N7: =G7/$H7 -> 0.00093283368 | O7: =N7 -> 0.00093283368 | P7: =u_axis_f-$O7*L7 -> -0.00093283327 | Q7: =u_axis_r-$O7*M7 -> -8.9224869e-08 | R7: =u_axis_u-$O7*N7 -> 0.99999913 | S7: =K_lift*H7^2 -> 25.699029 | T7: =$S7*P7 -> -0.02397291 | U7: =$S7*Q7 -> -2.2929925e-06 | V7: =$S7*R7 -> 25.699007 | W7: =I7+T7+g_f -> -317.88025 | X7: =J7+U7+g_r -> 1.6725019 | Y7: =K7+V7+g_u -> 15.744835
A8: 0.006 | B8: =B7+E8*dt -> 0.53316066 | C8: =C7+F8*dt -> 3.5545885e-05 | D8: =D7+G8*dt -> 0.00034802058 | E8: =E7+W7*dt -> 88.05767 | F8: =F7+X7*dt -> 0.010125563 | G8: =G7+Y7*dt -> 0.098184561 | H8: =SQRT(E8^2+F8^2+G8^2) -> 88.057725 | I8: =-K_drag*$H8*E8 -> -315.57384 | J8: =-K_drag*$H8*F8 -> -0.036287161 | K8: =-K_drag*$H8*G8 -> -0.35186576 | L8: =E8/$H8 -> 0.99999937 | M8: =F8/$H8 -> 0.00011498779 | N8: =G8/$H8 -> 0.0011150022 | O8: =N8 -> 0.0011150022 | P8: =u_axis_f-$O8*L8 -> -0.0011150015 | Q8: =u_axis_r-$O8*M8 -> -1.2821164e-07 | R8: =u_axis_u-$O8*N8 -> 0.99999876 | S8: =K_lift*H8^2 -> 25.514496 | T8: =$S8*P8 -> -0.028448703 | U8: =$S8*Q8 -> -3.2712555e-06 | V8: =$S8*R8 -> 25.514465 | W8: =I8+T8+g_f -> -315.60228 | X8: =J8+U8+g_r -> 1.6666165 | Y8: =K8+V8+g_u -> 15.504934
A9: 0.007 | B9: =B8+E9*dt -> 0.62090272 | C9: =C8+F9*dt -> 4.7338065e-05 | D9: =D8+G9*dt -> 0.00046171007 | E9: =E8+W8*dt -> 87.742068 | F9: =F8+X8*dt -> 0.01179218 | G9: =G8+Y8*dt -> 0.1136895 | H9: =SQRT(E9^2+F9^2+G9^2) -> 87.742142 | I9: =-K_drag*$H9*E9 -> -313.3159 | J9: =-K_drag*$H9*F9 -> -0.042108392 | K9: =-K_drag*$H9*G9 -> -0.4059709 | L9: =E9/$H9 -> 0.99999915 | M9: =F9/$H9 -> 0.00013439585 | N9: =G9/$H9 -> 0.0012957228 | O9: =N9 -> 0.0012957228 | P9: =u_axis_f-$O9*L9 -> -0.0012957217 | Q9: =u_axis_r-$O9*M9 -> -1.7413977e-07 | R9: =u_axis_u-$O9*N9 -> 0.99999832 | S9: =K_lift*H9^2 -> 25.331945 | T9: =$S9*P9 -> -0.032823152 | U9: =$S9*Q9 -> -4.4112991e-06 | V9: =$S9*R9 -> 25.331903 | W9: =I9+T9+g_f -> -313.34872 | X9: =J9+U9+g_r -> 1.6607941 | Y9: =K9+V9+g_u -> 15.268267
A10: 0.008 | B10: =B9+E10*dt -> 0.70833144 | C10: =C9+F10*dt -> 6.0791039e-05 | D10: =D9+G10*dt -> 0.00059066784 | E10: =E9+W9*dt -> 87.428719 | F10: =F9+X9*dt -> 0.013452974 | G10: =G9+Y9*dt -> 0.12895776 | H10: =SQRT(E10^2+F10^2+G10^2) -> 87.428815 | I10: =-K_drag*$H10*E10 -> -311.08212 | J10: =-K_drag*$H10*F10 -> -0.047867332 | K10: =-K_drag*$H10*G10 -> -0.45884755 | L10: =E10/$H10 -> 0.9999989 | M10: =F10/$H10 -> 0.00015387345 | N10: =G10/$H10 -> 0.001475003 | O10: =N10 -> 0.001475003 | P10: =u_axis_f-$O10*L10 -> -0.0014750013 | Q10: =u_axis_r-$O10*M10 -> -2.269638e-07 | R10: =u_axis_u-$O10*N10 -> 0.99999782 | S10: =K_lift*H10^2 -> 25.151348 | T10: =$S10*P10 -> -0.037098272 | U10: =$S10*Q10 -> -5.7084455e-06 | V10: =$S10*R10 -> 25.151293 | W10: =I10+T10+g_f -> -311.11921 | X10: =J10+U10+g_r -> 1.6550339 | Y10: =K10+V10+g_u -> 15.03478
A11: 0.009 | B11: =B10+E11*dt -> 0.79544904 | C11: =C10+F11*dt -> 7.5899047e-05 | D11: =D10+G11*dt -> 0.00073466038 | E11: =E10+W10*dt -> 87.1176 | F11: =F10+X10*dt -> 0.015108008 | G11: =G10+Y10*dt -> 0.14399254 | H11: =SQRT(E11^2+F11^2+G11^2) -> 87.11772 | I11: =-K_drag*$H11*E11 -> -308.87214 | J11: =-K_drag*$H11*F11 -> -0.053564867 | K11: =-K_drag*$H11*G11 -> -0.51052009 | L11: =E11/$H11 -> 0.99999862 | M11: =F11/$H11 -> 0.0001734206 | N11: =G11/$H11 -> 0.0016528502 | O11: =N11 -> 0.0016528502 | P11: =u_axis_f-$O11*L11 -> -0.0016528479 | Q11: =u_axis_r-$O11*M11 -> -2.8663828e-07 | R11: =u_axis_u-$O11*N11 -> 0.99999727 | S11: =K_lift*H11^2 -> 24.972676 | T11: =$S11*P11 -> -0.041276035 | U11: =$S11*Q11 -> -7.1581249e-06 | V11: =$S11*R11 -> 24.972607 | W11: =I11+T11+g_f -> -308.91342 | X11: =J11+U11+g_r -> 1.6493349 | Y11: =K11+V11+g_u -> 14.804422
A12: 0.01 | B12: =B11+E12*dt -> 0.88225773 | C12: =C11+F12*dt -> 9.2656389e-05 | D12: =D11+G12*dt -> 0.00089345734 | E12: =E11+W11*dt -> 86.808686 | F12: =F11+X11*dt -> 0.016757343 | G12: =G11+Y11*dt -> 0.15879696 | H12: =SQRT(E12^2+F12^2+G12^2) -> 86.808833 | I12: =-K_drag*$H12*E12 -> -306.68564 | J12: =-K_drag*$H12*F12 -> -0.059201867 | K12: =-K_drag*$H12*G12 -> -0.56101239 | L12: =E12/$H12 -> 0.99999831 | M12: =F12/$H12 -> 0.0001930373 | N12: =G12/$H12 -> 0.001829272 | O12: =N12 -> 0.001829272 | P12: =u_axis_f-$O12*L12 -> -0.0018292689 | Q12: =u_axis_r-$O12*M12 -> -3.5311772e-07 | R12: =u_axis_u-$O12*N12 -> 0.99999665 | S12: =K_lift*H12^2 -> 24.795902 | T12: =$S12*P12 -> -0.045358372 | U12: =$S12*Q12 -> -8.7558723e-06 | V12: =$S12*R12 -> 24.795819 | W12: =I12+T12+g_f -> -306.731 | X12: =J12+U12+g_r -> 1.6436963 | Y12: =K12+V12+g_u -> 14.577142
A13: 0.011 | B13: =B12+E13*dt -> 0.96875968 | C13: =C12+F13*dt -> 0.00011105743 | D13: =D12+G13*dt -> 0.0010668314 | E13: =E12+W12*dt -> 86.501955 | F13: =F12+X12*dt -> 0.018401039 | G13: =G12+Y12*dt -> 0.17337411 | H13: =SQRT(E13^2+F13^2+G13^2) -> 86.502131 | I13: =-K_drag*$H13*E13 -> -304.52228 | J13: =-K_drag*$H13*F13 -> -0.064779186 | K13: =-K_drag*$H13*G13 -> -0.6103478 | L13: =E13/$H13 -> 0.99999797 | M13: =F13/$H13 -> 0.00021272353 | N13: =G13/$H13 -> 0.0020042756 | O13: =N13 -> 0.0020042756 | P13: =u_axis_f-$O13*L13 -> -0.0020042715 | Q13: =u_axis_r-$O13*M13 -> -4.2635657e-07 | R13: =u_axis_u-$O13*N13 -> 0.99999598 | S13: =K_lift*H13^2 -> 24.621 | T13: =$S13*P13 -> -0.049347168 | U13: =$S13*Q13 -> -1.0497325e-05 | V13: =$S13*R13 -> 24.620901 | W13: =I13+T13+g_f -> -304.57162 | X13: =J13+U13+g_r -> 1.6381172 | Y13: =K13+V13+g_u -> 14.352888
A14: 0.012 | B14: =B13+E14*dt -> 1.0549571 | C14: =C13+F14*dt -> 0.00013109658 | D14: =D13+G14*dt -> 0.0012545584 | E14: =E13+W13*dt -> 86.197384 | F14: =F13+X13*dt -> 0.020039156 | G14: =G13+Y13*dt -> 0.187727 | H14: =SQRT(E14^2+F14^2+G14^2) -> 86.19759 | I14: =-K_drag*$H14*E14 -> -302.38173 | J14: =-K_drag*$H14*F14 -> -0.070297663 | K14: =-K_drag*$H14*G14 -> -0.65854915 | L14: =E14/$H14 -> 0.9999976 | M14: =F14/$H14 -> 0.00023247931 | N14: =G14/$H14 -> 0.0021778682 | O14: =N14 -> 0.0021778682 | P14: =u_axis_f-$O14*L14 -> -0.002177863 | Q14: =u_axis_r-$O14*M14 -> -5.063093e-07 | R14: =u_axis_u-$O14*N14 -> 0.99999526 | S14: =K_lift*H14^2 -> 24.447943 | T14: =$S14*P14 -> -0.053244271 | U14: =$S14*Q14 -> -1.2378221e-05 | V14: =$S14*R14 -> 24.447827 | W14: =I14+T14+g_f -> -302.43497 | X14: =J14+U14+g_r -> 1.6325969 | Y14: =K14+V14+g_u -> 14.131613
... A2000: 1.998 | B2000: =B1999+E2000*dt -> 51.821476 | C2000: =C1999+F2000*dt -> 2.0175122 | D2000: =D1999+G2000*dt -> -6.9513595 | E2000: =E1999+W1999*dt -> 10.424651 | F2000: =F1999+X1999*dt -> 1.8550302 | G2000: =G1999+Y1999*dt -> -8.6195368 | H2000: =SQRT(E2000^2+F2000^2+G2000^2) -> 13.653238 | I2000: =-K_drag*$H2000*E2000 -> -5.7924661 | J2000: =-K_drag*$H2000*F2000 -> -1.0307491 | K2000: =-K_drag*$H2000*G2000 -> 4.789453 | L2000: =E2000/$H2000 -> 0.76352959 | M2000: =F2000/$H2000 -> 0.13586742 | N2000: =G2000/$H2000 -> -0.63131815 | O2000: =N2000 -> -0.63131815 | P2000: =u_axis_f-$O2000*L2000 -> 0.48203009 | Q2000: =u_axis_r-$O2000*M2000 -> 0.085775571 | R2000: =u_axis_u-$O2000*N2000 -> 0.60143739 | S2000: =K_lift*H2000^2 -> 0.61337119 | T2000: =$S2000*P2000 -> 0.29566337 | U2000: =$S2000*Q2000 -> 0.052612264 | V2000: =$S2000*R2000 -> 0.36890436 | W2000: =I2000+T2000+g_f -> -5.4968028 | X2000: =J2000+U2000+g_r -> 0.72477004 | Y2000: =K2000+V2000+g_u -> -4.4993076

Sheet 抽出
A1: target_f | B1: pf | C1: pr | D1: pu | E1: pu_pre_target | F1: pu_target | G1: pu_post_target | H1: mod
A2: 0 | B2: =VLOOKUP($A2,計算!$B:$D,1,1) -> 0 | C2: =VLOOKUP($A2,計算!$B:$D,2,1) -> 0 | D2: =VLOOKUP($A2,計算!$B:$D,3,1) -> 0 | E2: =IF(AND(MOD(A2,$H$2)=0,crop_f_min<=$A2,$A2<target),$D2,NA()) -> #N/A | F2: =IF($A2=target,$D2,NA()) -> #N/A | G2: =IF(AND(MOD(A2,$H$2)=0,target<$A2,$A2<=crop_f_max),$D2,NA()) -> #N/A | H2: 3
A3: 1 | B3: =VLOOKUP(A3,計算!B:D,1,1) -> 0.96875968 | C3: =VLOOKUP($A3,計算!$B:$D,2,1) -> 0.00011105743 | D3: =VLOOKUP($A3,計算!$B:$D,3,1) -> 0.0010668314 | E3: =IF(AND(MOD(A3,$H$2)=0,crop_f_min<=$A3,$A3<target),$D3,NA()) -> #N/A | F3: =IF($A3=target,$D3,NA()) -> #N/A | G3: =IF(AND(MOD(A3,$H$2)=0,target<$A3,$A3<=crop_f_max),$D3,NA()) -> #N/A
A4: 2 | B4: =VLOOKUP(A4,計算!B:D,1,1) -> 1.983622 | C4: =VLOOKUP($A4,計算!$B:$D,2,1) -> 0.00045810458 | D4: =VLOOKUP($A4,計算!$B:$D,3,1) -> 0.0042055969 | E4: =IF(AND(MOD(A4,$H$2)=0,crop_f_min<=$A4,$A4<target),$D4,NA()) -> #N/A | F4: =IF($A4=target,$D4,NA()) -> #N/A | G4: =IF(AND(MOD(A4,$H$2)=0,target<$A4,$A4<=crop_f_max),$D4,NA()) -> #N/A
A5: 3 | B5: =VLOOKUP(A5,計算!B:D,1,1) -> 2.9580817 | C5: =VLOOKUP($A5,計算!$B:$D,2,1) -> 0.0010321124 | D5: =VLOOKUP($A5,計算!$B:$D,3,1) -> 0.0090594488 | E5: =IF(AND(MOD(A5,$H$2)=0,crop_f_min<=$A5,$A5<target),$D5,NA()) -> #N/A | F5: =IF($A5=target,$D5,NA()) -> #N/A | G5: =IF(AND(MOD(A5,$H$2)=0,target<$A5,$A5<=crop_f_max),$D5,NA()) -> #N/A
A6: 4 | B6: =VLOOKUP(A6,計算!B:D,1,1) -> 3.9717323 | C6: =VLOOKUP($A6,計算!$B:$D,2,1) -> 0.0019008256 | D6: =VLOOKUP($A6,計算!$B:$D,3,1) -> 0.015899912 | E6: =IF(AND(MOD(A6,$H$2)=0,crop_f_min<=$A6,$A6<target),$D6,NA()) -> #N/A | F6: =IF($A6=target,$D6,NA()) -> #N/A | G6: =IF(AND(MOD(A6,$H$2)=0,target<$A6,$A6<=crop_f_max),$D6,NA()) -> #N/A
A7: 5 | B7: =VLOOKUP(A7,計算!B:D,1,1) -> 4.945073 | C7: =VLOOKUP($A7,計算!$B:$D,2,1) -> 0.0030175403 | D7: =VLOOKUP($A7,計算!$B:$D,3,1) -> 0.024062936 | E7: =IF(AND(MOD(A7,$H$2)=0,crop_f_min<=$A7,$A7<target),$D7,NA()) -> #N/A | F7: =IF($A7=target,$D7,NA()) -> #N/A | G7: =IF(AND(MOD(A7,$H$2)=0,target<$A7,$A7<=crop_f_max),$D7,NA()) -> #N/A
A8: 6 | B8: =VLOOKUP(A8,計算!B:D,1,1) -> 5.9517346 | C8: =VLOOKUP($A8,計算!$B:$D,2,1) -> 0.0044883908 | D8: =VLOOKUP($A8,計算!$B:$D,3,1) -> 0.034008091 | E8: =IF(AND(MOD(A8,$H$2)=0,crop_f_min<=$A8,$A8<target),$D8,NA()) -> #N/A | F8: =IF($A8=target,$D8,NA()) -> #N/A | G8: =IF(AND(MOD(A8,$H$2)=0,target<$A8,$A8<=crop_f_max),$D8,NA()) -> #N/A
A9: 7 | B9: =VLOOKUP(A9,計算!B:D,1,1) -> 6.9862526 | C9: =VLOOKUP($A9,計算!$B:$D,2,1) -> 0.0063632489 | D9: =VLOOKUP($A9,計算!$B:$D,3,1) -> 0.04565755 | E9: =IF(AND(MOD(A9,$H$2)=0,crop_f_min<=$A9,$A9<target),$D9,NA()) -> #N/A | F9: =IF($A9=target,$D9,NA()) -> #N/A | G9: =IF(AND(MOD(A9,$H$2)=0,target<$A9,$A9<=crop_f_max),$D9,NA()) -> #N/A
A10: 8 | B10: =VLOOKUP(A10,計算!B:D,1,1) -> 7.9788169 | C10: =VLOOKUP($A10,計算!$B:$D,2,1) -> 0.0085380304 | D10: =VLOOKUP($A10,計算!$B:$D,3,1) -> 0.058026822 | E10: =IF(AND(MOD(A10,$H$2)=0,crop_f_min<=$A10,$A10<target),$D10,NA()) -> #N/A | F10: =IF($A10=target,$D10,NA()) -> #N/A | G10: =IF(AND(MOD(A10,$H$2)=0,target<$A10,$A10<=crop_f_max),$D10,NA()) -> #N/A
A11: 9 | B11: =VLOOKUP(A11,計算!B:D,1,1) -> 8.994988 | C11: =VLOOKUP($A11,計算!$B:$D,2,1) -> 0.011178882 | D11: =VLOOKUP($A11,計算!$B:$D,3,1) -> 0.071712598 | E11: =IF(AND(MOD(A11,$H$2)=0,crop_f_min<=$A11,$A11<target),$D11,NA()) -> #N/A | F11: =IF($A11=target,$D11,NA()) -> #N/A | G11: =IF(AND(MOD(A11,$H$2)=0,target<$A11,$A11<=crop_f_max),$D11,NA()) -> #N/A
A12: 10 | B12: =VLOOKUP(A12,計算!B:D,1,1) -> 9.9706524 | C12: =VLOOKUP($A12,計算!$B:$D,2,1) -> 0.014142321 | D12: =VLOOKUP($A12,計算!$B:$D,3,1) -> 0.085636436 | E12: =IF(AND(MOD(A12,$H$2)=0,crop_f_min<=$A12,$A12<target),$D12,NA()) -> #N/A | F12: =IF($A12=target,$D12,NA()) -> #N/A | G12: =IF(AND(MOD(A12,$H$2)=0,target<$A12,$A12<=crop_f_max),$D12,NA()) -> #N/A
A13: 11 | B13: =VLOOKUP(A13,計算!B:D,1,1) -> 10.966382 | C13: =VLOOKUP($A13,計算!$B:$D,2,1) -> 0.017635482 | D13: =VLOOKUP($A13,計算!$B:$D,3,1) -> 0.10043013 | E13: =IF(AND(MOD(A13,$H$2)=0,crop_f_min<=$A13,$A13<target),$D13,NA()) -> #N/A | F13: =IF($A13=target,$D13,NA()) -> #N/A | G13: =IF(AND(MOD(A13,$H$2)=0,target<$A13,$A13<=crop_f_max),$D13,NA()) -> #N/A
A14: 12 | B14: =VLOOKUP(A14,計算!B:D,1,1) -> 11.978325 | C14: =VLOOKUP($A14,計算!$B:$D,2,1) -> 0.02171175 | D14: =VLOOKUP($A14,計算!$B:$D,3,1) -> 0.1158354 | E14: =IF(AND(MOD(A14,$H$2)=0,crop_f_min<=$A14,$A14<target),$D14,NA()) -> 0.1158354 | F14: =IF($A14=target,$D14,NA()) -> #N/A | G14: =IF(AND(MOD(A14,$H$2)=0,target<$A14,$A14<=crop_f_max),$D14,NA()) -> #N/A
... A52: 50 | B52: =VLOOKUP(A52,計算!B:D,1,1) -> 49.990015 | C52: =VLOOKUP($A52,計算!$B:$D,2,1) -> 1.7162334 | D52: =VLOOKUP($A52,計算!$B:$D,3,1) -> -5.5676988 | E52: =IF(AND(MOD(A52,$H$2)=0,crop_f_min<=$A52,$A52<target),$D52,NA()) -> #N/A | F52: =IF($A52=target,$D52,NA()) -> #N/A | G52: =IF(AND(MOD(A52,$H$2)=0,target<$A52,$A52<=crop_f_max),$D52,NA()) -> #N/A
